[
  {"name": "海门", "value": 9},
  {"name": "鄂尔多斯", "value": 12},
  {"name": "招远", "value": 12},
  {"name": "舟山", "value": 12},
  {"name": "南通", "value": 23},
  {"name": "拉萨", "value": 24},
  {"name": "云浮", "value": 24},
  {"name": "梅州", "value": 25},
  {"name": "文登", "value": 25},
  {"name": "上海", "value": 25},
  {"name": "攀枝花", "value": 25},
  {"name": "烟台", "value": 28},
  {"name": "福州", "value": 29},
  {"name": "瓦房店", "value": 30},
  {"name": "即墨", "value": 30},
  {"name": "抚顺", "value": 31},
  {"name": "玉溪", "value": 31},
  {"name": "张家口", "value": 31},
  {"name": "阳泉", "value": 31},
  {"name": "莱州", "value": 32},
  {"name": "湖州", "value": 32},
  {"name": "汕头", "value": 32},
  {"name": "昆山", "value": 33},
  {"name": "宁波", "value": 33},
  {"name": "江阴", "value": 37},
  {"name": "蓬莱", "value": 37},
  {"name": "韶关", "value": 38},
  {"name": "嘉峪关", "value": 38},
  {"name": "广州", "value": 38},
  {"name": "延安", "value": 38},
  {"name": "太原", "value": 39},
  {"name": "清远", "value": 39},
  {"name": "中山", "value": 39},
  {"name": "昆明", "value": 39},
  {"name": "寿光", "value": 40},
  {"name": "盘锦", "value": 40},
  {"name": "长治", "value": 41},
  {"name": "深圳", "value": 41},
  {"name": "珠海", "value": 42},
  {"name": "宿迁", "value": 43},
  {"name": "咸阳", "value": 43},
  {"name": "铜川", "value": 44},
  {"name": "平度", "value": 44},
  {"name": "佛山", "value": 44},
  {"name": "海口", "value": 44},
  {"name": "江门", "value": 45},
  {"name": "章丘", "value": 45},
  {"name": "肇庆", "value": 46},
  {"name": "大连", "value": 47},
  {"name": "临汾", "value": 47},
  {"name": "吴江", "value": 47},
  {"name": "石嘴山", "value": 49},
  {"name": "沈阳", "value": 50},
  {"name": "苏州", "value": 50},
  {"name": "茂名", "value": 50},
  {"name": "嘉兴", "value": 51},
  {"name": "西宁", "value": 57},
  {"name": "宜宾", "value": 58},
  {"name": "呼和浩特", "value": 58},
  {"name": "成都", "value": 58},
  {"name": "大同", "value": 58},
  {"name": "镇江", "value": 59},
  {"name": "桂林", "value": 59},
  {"name": "张家界", "value": 59},
  {"name": "宜兴", "value": 59},
  {"name": "北海", "value": 60},
  {"name": "西安", "value": 61},
  {"name": "金坛", "value": 62},
  {"name": "东营", "value": 62},
  {"name": "牡丹江", "value": 63},
  {"name": "遵义", "value": 63},
  {"name": "绍兴", "value": 63},
  {"name": "扬州", "value": 64},
  {"name": "常州", "value": 64},
  {"name": "潍坊", "value": 65},
  {"name": "重庆", "value": 66},
  {"name": "台州", "value": 67},
  {"name": "南京", "value": 67},
  {"name": "乌鲁木齐", "value": 84},
  {"name": "枣庄", "value": 84},
  {"name": "杭州", "value": 84},
  {"name": "淄博", "value": 85},
  {"name": "鞍山", "value": 86},
  {"name": "溧阳", "value": 86},
  {"name": "库尔勒", "value": 86},
  {"name": "安阳", "value": 90},
  {"name": "开封", "value": 90},
  {"name": "济南", "value": 92},
  {"name": "德阳", "value": 93},
  {"name": "温州", "value": 95},
  {"name": "九江", "value": 96},
  {"name": "邯郸", "value": 98},
  {"name": "大庆", "value": 279}
]
